id,auteur,titre,date,genre,inspiration,structure,type,periode,taille,permalien
BOYER_PORCIEROMAINE_1646,"BOYER, Claude",LA PORCIE ROMAINE,1646,Tragédie,histoire romaine,Cinq actes,vers,1641-1650,1500-1750,http://gallica.bnf.fr/ark:/12148/bpt6k715826
BOYER_ARISTODEME_1648,"BOYER, Claude",ARISTODÈME,1648,Tragédie,histoire grecque,Cinq actes,vers,1641-1650,1250-1500,http://gallica.bnf.fr/ark:/12148/bpt6k71607q
BOYER_MORTENFANTSBRUTE_1648,"BOYER, CLaude","LA MORT DES ENFANTS DE BRUTE, TRAGÉDIE.",1648,Tragédie,histoire romaine,Cinq actes,vers,1641-1650,1500-1750,
BOYER_PORUS_1648,"BOYER, Claude","PORUS OU LA GÉNÉROSITÉ D'ALEXANDRE, TRAGÉDIE.",1648,Tragédie,histoire grecque,Cinq actes,vers,1641-1650,1500-1750,http://gallica.bnf.fr/ark:/12148/bpt6k117137b
BOYER_TIRIDATE_1649,"BOYER, Claude","TYRIDATE, TRAGÉDIE",1649,Tragédie,histoire romaine,Cinq actes,vers,1641-1650,1500-1750,http://gallica.bnf.fr/ark:/12148/bpt6k72711g
BOYER_FEDERIC_1660,"BOYER, Claude","FÉDÉRIC, TRAGI-COMÉDIE",1660,Tragi-comédie,moeurs italiennes,Cinq actes,vers,1651-1660,1750-2000,http://gallica.bnf.fr/ark:/12148/bpt6k1171346
BOYER_OROPASTE_1663,"BOYER, Claude",OROPASTE OU LE FAUX TONAXARE,1663,Tragédie,histoire orientale,Cinq actes,vers,1661-1670,2000-2250,http://gallica.bnf.fr/ark:/12148/bpt6k83753v
BOYER_AMOURSJUPITERSEMELE_1666,"BOYER, Claude","LES AMOURS DE JUPITER ET DE SÉMÉLÉ, TRAGÉDIE",1666,Tragédie,mythe grec,"Cinq actes, un prologue",vers,1661-1670,2000-2250,http://gallica.bnf.fr/ark:/12148/bpt6k83827k
BOYER_AGAMEMNON_1680,"BOYER, Claude","AGAMEMNON, TRAGÉDIE.",1680,Tragédie,mythe grec,Cinq actes,vers,1671-1680,1500-1750,
BOYER_ARTAXERCE_1683,"BOYER, Claude","ARTAXERCE, TRAGÉDIE",1683,Tragédie,histoire perse,Cinq actes,vers,1681-1690,1500-1750,
BOYER_JUDITH_1695,"BOYER, Claude","JUDITH, TRAGÉDIE",1695,Tragédie,bible,Cinq actes,vers,1691-1700,1250-1500,http://www.crht.org/matrice/wp-content/uploads/2007/09/judith.pdf
CORNEILLEP_VEUVE34_1634,"CORNEILLE, Pierre","LA VEUVE OU LE TRAÎTRE TRAHI, COMÉDIE",1634,Comédie,moeurs françaises,Cinq actes,vers,1631-1640,2000-2250,http://gallica.bnf.fr/ark:/12148/bpt6k713683
CORNEILLEP_PLACEROYALE_1637,"CORNEILLE, Pierre","LA PLACE ROYALE ou L'AMOUREUX EXTRAVAGANT, COMÉDIE",1637,Comédie,moeurs françaises,Cinq actes,vers,1631-1640,1500-1750,http://gallica.bnf.fr/ark:/12148/bpt6k72375m
CORNEILLEP_SUIVANTE_1637,"CORNEILLE, Pierre","LA SUIVANTE, COMÉDIE",1637,Comédie,moeurs françaises,Cinq actes,vers,1631-1640,1500-1750,http://gallica.bnf.fr/ark:/12148/bpt6k70389t
CORNEILLEP_GALERIEDUPALAIS_1637,"CORNEILLE, Pierre",LA GALERIE DU PALAIS ou L'AMIE RIVALE,1637,Comédie,moeurs françaises,Cinq actes,vers,1631-1640,1750-2000,http://gallica.bnf.fr/ark:/12148/bpt6k704088
CORNEILLEP_CID37_1637,"CORNEILLE, Pierre","LE CID, TRAGI-COMÉDIE",1637,Tragi-comédie,histoire espagnole,Cinq actes,vers,1631-1640,1750-2000,http://gallica.bnf.fr/ark:/12148/btv1b86108062
CORNEILLEP_ILLUSIONCOMIQUE_1639,"CORNEILLE, Pierre","L'ILLUSION COMIQUE, COMÉDIE",1639,Comédie,moeurs françaises,Cinq actes,vers,1631-1640,1500-1750,http://gallica.bnf.fr/ark:/12148/bpt6k70407x
CORNEILLEP_MEDEE39_1639,"CORNEILLE, Pierre","MÉDÉE, TRAGÉDIE",1639,Tragédie,mythe grec,Cinq actes,vers,1631-1640,1500-1750,http://gallica.bnf.fr/ark:/12148/bpt6k71339h
CORNEILLEP_HORACE_1641,"CORNEILLE, Pierre","HORACE, TRAGÉDIE",1641,Tragédie,histoire romaine,Cinq actes,vers,1631-1640,1750-2000,http://gallica.bnf.fr/ark:/12148/bpt6k72709x
CORNEILLEP_CINNA43_1643,"CORNEILLE, Pierre","CINNA ou LA CLÉMENCE D'AUGUSTE, TRAGÉDIE",1643,Tragédie,histoire romaine,Cinq actes,vers,1641-1650,1750-2000,http://gallica.bnf.fr/ark:/12148/bpt6k70140x
CORNEILLEP_POLYEUCTE_1643,"CORNEILLE, Pierre","POLYEUCTE MARTYR, TRAGÉDIE",1643,Tragédie,histoire chrétienne,Cinq actes,vers,1641-1650,1750-2000,http://gallica.bnf.fr/ark:/12148/bpt6k701418
CORNEILLEP_MORTPOMPEE_1644,"CORNEILLE, Pierre","LA MORT DE POMPÉE, TRAGÉDIE",1644,Tragédie,histoire romaine,Cinq actes,vers,1641-1650,1750-2000,http://gallica.bnf.fr/ark:/12148/bpt6k70392q
CORNEILLEP_SUITEMENTEUR_1645,"CORNEILLE, Pierre","LA SUITE DU MENTEUR, COMÉDIE",1645,Comédie,moeurs françaises,Cinq actes,vers,1641-1650,1750-2000,
CORNEILLEP_THEODORE_1646,"CORNEILLE, Pierre","THÉODORE, VIERGE ET MARTYRE, TRAGÉDIE CHRÉTIENNE",1646,Tragédie,histoire chrétienne,Cinq actes,vers,1641-1650,1750-2000,http://gallica.bnf.fr/ark:/12148/bpt6k70395r
CORNEILLEP_HERACLIUS_1647,"CORNEILLE, Pierre","HÉRACLIUS, EMPEREUR D'ORIENT, TRAGÉDIE",1647,Tragédie,histoire romaine,Cinq actes,vers,1641-1650,1750-2000,http://gallica.bnf.fr/ark/12148/bpt6k703963
CORNEILLEP_RODOGUNE_1647,"CORNEILLE, Pierre","RODOGUNE, TRAGÉDIE",1647,Tragédie,histoire romaine,Cinq actes,vers,1641-1650,1750-2000,http://gallica.bnf.fr/ark:/12148/bpt6k72708k
CORNEILLEP_DONSANCHE_1649,"CORNEILLE, Pierre","DON SANCHE D'ARAGON, COMÉDIE HÉROÏQUE",1649,Comédie héroïque,moeurs espagnoles,Cinq actes,vers,1641-1650,1750-2000,
CORNEILLEP_ANDROMEDE_1651,"CORNEILLE, Pierre","ANDROMÈDE, TRAGÉDIE.",1651,Tragédie,mythe grec,"Cinq actes, un prologue",vers,1641-1650,1500-1750,http://gallica.bnf.fr/ark:/12148/bpt6k70397f
CORNEILLEP_NICOMEDE_1651,"CORNEILLE, Pierre","NICOMÈDE, TRAGÉDIE",1651,Tragédie,histoire romaine,Cinq actes,vers,1651-1660,1750-2000,http://gallica.bnf.fr/ark:/12148/bpt6k70398s
CORNEILLEP_PERTHARITE_1653,"CORNEILLE, Pierre","PERTHARITE ROI DES LOMBARDS, TRAGÉDIE",1653,Tragédie,histoire médiévale,Cinq actes,vers,1651-1660,1750-2000,http://gallica.bnf.fr/ark:/12148/bpt6k703994
CORNEILLEP_OEDIPE_1659,"CORNEILLE, Pierre","OEDIPE, TRAGÉDIE",1659,Tragédie,mythe grec,Cinq actes,vers,1651-1660,2000-2250,http://gallica.bnf.fr/ark:/12148/bpt6k704533
CORNEILLEP_TOISON_1661,"CORNEILLE, Pierre","LA CONQUÊTE DE LA TOISON D'OR, TRAGÉDIE",1661,Tragédie,mythe grec,"Cinq actes, un prologue",vers,1661-1670,2000-2250,http://gallica.bnf.fr/ark:/12148/bpt6k70400h
CORNEILLEP_SERTORIUS_1662,"CORNEILLE, Pierre","SERTORIUS, TRAGÉDIE",1662,Tragédie,histoire romaine,Cinq actes,vers,1661-1670,1750-2000,http://gallica.bnf.fr/ark:/12148/bpt6k70454f
CORNEILLEP_SOPHONISBE_1663,"CORNEILLE, Pierre","SOPHONISBE, TRAGÉDIE",1663,Tragédie,histoire romaine,Cinq actes,vers,1661-1670,1750-2000,http://gallica.bnf.fr/ark:/12148/bpt6k70401v
CORNEILLEP_OTHON_1665,"CORNEILLE, Pierre","OTHON, TRAGÉDIE",1665,Tragédie,histoire romaine,Cinq actes,vers,1661-1670,1750-2000,http://gallica.bnf.fr/ark:/12148/bpt6k704026
CORNEILLEP_AGESILAS_1666,"CORNEILLE, Pierre","AGÉSILAS, TRAGÉDIE",1666,Tragédie,histoire grecque,Cinq actes,vers,1661-1670,2000-2250,http://gallica.bnf.fr/ark:/12148/bpt6k70403j
CORNEILLEP_ATTILA_1668,"CORNEILLE, Pierre","ATTILA, ROI DES HUNS, TRAGÉDIE",1668,Tragédie,histoire médiévale,Cinq actes,vers,1661-1670,1750-2000,http://gallica.bnf.fr/ark:/12148/bpt6k70404w
CORNEILLEP_TITE_1671,"CORNEILLE, Pierre","TITE ET BÉRÉNICE, COMÉDIE HEROÏQUE",1671,Comédie héroïque,histoire romaine,Cinq actes,vers,1661-1670,1500-1750,http://gallica.bnf.fr/ark:/12148/bpt6k704057
CORNEILLEP_PULCHERIE_1673,"CORNEILLE, Pierre","PULCHÉRIE, COMÉDIE HÉROÏQUE",1673,Comédie héroïque,histoire chrétienne,Cinq actes,vers,1671-1680,1750-2000,http://gallica.bnf.fr/ark:/12148/bpt6k70455s
CORNEILLEP_SURENA_1675,"CORNEILLE, Pierre","SURENA GÉNERAL DES PARTHES, TRAGÉDIE",1675,Tragédie,histoire orientale,Cinq actes,vers,1671-1680,1500-1750,http://gallica.bnf.fr/ark:/12148/bpt6k70406k
CORNEILLEP_CLITANDRE_1682,"CORNEILLE, Pierre","CLITANDRE, COMÉDIE",1682,Tragédie,histoire écossaise,Cinq actes,vers,1681-1690,1500-1750,http://gallica.bnf.fr/ark:/12148/bpt6k703901
CORNEILLEP_MEDEE_1682,"CORNEILLE, Pierre","MÉDÉE, TRAGÉDIE",1682,Tragédie,mythe grec,Cinq actes,vers,1681-1690,1500-1750,http://gallica.bnf.fr/ark:/12148/bpt6k70142m
CORNEILLEP_MELITE_1682,"CORNEILLE, Pierre","MÉLITE, COMÉDIE",1682,Comédie,moeurs françaises,Cinq actes,vers,1681-1690,1750-2000,http://gallica.bnf.fr/ark:/12148/bpt6k70142m
CORNEILLEP_VEUVE_1682,"CORNEILLE, Pierre","LA VEUVE, COMÉDIE",1682,Comédie,moeurs françaises,Cinq actes,vers,1681-1690,1750-2000,http://gallica.bnf.fr/ark:/12148/bpt6k70142m
CORNEILLEP_CID_1682,"CORNEILLE, Pierre","LE CID, TRAGÉDIE",1682,Tragédie,histoire espagnole,Cinq actes,vers,1681-1690,1750-2000,http://gallica.bnf.fr/ark:/12148/bpt6k70143z
CORNEILLEP_CINNA_1682,"CORNEILLE, Pierre","CINNA ou LA CLÉMENCE D'AUGUSTE, TRAGÉDIE",1682,Tragédie,histoire romaine,Cinq actes,vers,1641-1650,1750-2000,http://gallica.bnf.fr/ark:/12148/bpt6k70140x
CORNEILLEP_MENTEUR_,"CORNEILLE, Pierre","LE MENTEUR, COMÉDIE",,Comédie,moeurs françaises,Cinq actes,vers,1641-1650,1750-2000,http://gallica.bnf.fr/ark:/12148/bpt6k703932
CORNEILLET_AMOURALAMODE_1651,"CORNEILLE, Thomas","L'AMOUR À LA MODE, COMÉDIE. ",1651,Comédie,moeurs espagnoles,Cinq actes,vers,1651-1660,1750-2000,
CORNEILLET_FEINTASTROLOGUE_1651,"CORNEILLE, Thomas","LE FEINT ASTROLOGUE, COMÉDIE",1651,Comédie,moeurs françaises,Cinq actes,vers,1651-1660,1750-2000,http://gallica.bnf.fr/ark:/12148/bpt6k125542q
CORNEILLET_GEOLIERDESOISMEME_1655,"CORNEILLE, Thomas","LE GEÔLIER DE SOI-MÊME, COMÉDIE.",1655,Comédie,moeurs italiennes,Cinq actes,vers,1651-1660,1750-2000,
CORNEILLET_ILLUSTRESENNEMIS_1657,"CORNEILLE, Thomas","LES ILLUSTRES ENNEMIS, COMÉDIE",1657,Comédie,moeurs espagnoles,Cinq actes,vers,1651-1660,1750-2000,
CORNEILLET_MORTEMPEREURCOMMODE_1657,"CORNEILLE, Thomas","LA MORT DE L'EMPEREUR COMMODE, TRAGÉDIE",1657,Tragédie,histoire romaine,Cinq actes,vers,1651-1660,1750-2000,
CORNEILLET_CHARMEDELAVOIX_1658,"CORNEILLE, Thomas","LE CHARME DE LA VOIX, COMÉDIE",1658,Comédie,moeurs italiennes,Cinq actes,vers,1651-1660,1750-2000,
CORNEILLET_GALANTDOUBLE_1659,"CORNEILLE, Thomas","LE GALANT DOUBLÉ, COMÉDIE. ",1659,Comédie,moeurs espagnoles,Cinq actes,vers,1651-1660,1750-2000,
CORNEILLET_DARIUS_1659,"CORNEILLE, Thomas","DARIUS, TRAGÉDIE",1659,Tragédie,histoire perse,Cinq actes,vers,1651-1660,1750-2000,
CORNEILLET_DOMCESARDAVALOS_1661,"CORNEILLE, Thomas","DON CÉSAR D'AVALOS, COMÉDIE.",1661,Comédie,moeurs espagnoles,Cinq actes,vers,1671-1680,1500-1750,
CORNEILLET_CAMMA_1661,"CORNEILLE, Thomas","CAMMA, REINE DE GALATIE, TRAGÉDIE",1661,Tragédie,mythe grec,Cinq actes,vers,1661-1670,1750-2000,http://gallica.bnf.fr/ark:/12148/bpt6k55164815
CORNEILLET_PYRRHUS_1661,"CORNEILLE, Thomas","PYRRHUS, ROI D'ÉPIRE, TRAGÉDIE.",1661,Tragédie,mythe grec,Cinq actes,vers,1661-1670,2000-2250,
CORNEILLET_ENGAGEMENTSDUHASARD_1662,"CORNEILLE, Thomas","LES ENGAGEMENTS DU HASARD, COMÉDIE.",1662,Tragédie,histoire anglaise,Cinq actes,vers,1661-1670,1750-2000,http://gallica.bnf.fr/ark:/12148/bpt6k55424076
CORNEILLET_MAXIMIAN_1662,"CORNEILLE, Thomas","MAXIMIAN, TRAGÉDIE",1662,Tragédie,histoire romaine,Cinq actes,vers,1661-1670,1750-2000,
CORNEILLET_PERSEEDEMETRIUS_1662,"CORNEILLE, Thomas","PERSÉE ET DÉMÉTRIUS, TRAGÉDIE.",1662,Tragédie,histoire romaine,Cinq actes,vers,1661-1670,2000-2250,
CORNEILLET_TIMOCRATE_1662,"CORNEILLE, Thomas","TIMOCRATE, TRAGÉDIE",1662,Tragédie,histoire grecque,Cinq actes,vers,1651-1660,2000-2250,
CORNEILLET_STLICON_1664,"CORNEILLE, Thomas","STILICON, TRAGÉDIE",1664,Tragédie,histoire romaine,Cinq actes,vers,1651-1660,2000-2250,http://gallica.bnf.fr/ark:/12148/bpt6k1336391
CORNEILLET_MORTANNIBAL_1669,"CORNEILLE, Thomas","LA MORT D'ANNIBAL, TRAGÉDIE",1669,Tragédie,histoire romaine,Cinq actes,vers,1661-1670,1750-2000,http://gallica.bnf.fr/ark:/12148/bpt6k73822n
CORNEILLET_ARIANE_1672,"CORNEILLE, Thomas","ARIANE, TRAGÉDIE",1672,Tragédie,mythe grec,Cinq actes,vers,1671-1680,1750-2000,http://gallica.bnf.fr/ark:/12148/bpt6k5772310n
CORNEILLET_MORTDACHILLE_1673,"CORNEILLE, Thomas","LA MORT D'ACHILLE, TRAGÉDIE",1673,Tragédie,mythe grec,Cinq actes,vers,1671-1680,1500-1750,
CORNEILLET_THEODAT_1673,"CORNEILLE, Thomas","THÉODAT, TRAGÉDIE",1673,Tragédie,histoire médiévale,Cinq actes,vers,1671-1680,1750-2000,
CORNEILLET_INCONNU_1675,"CORNEILLE, Thomas","L'INCONNU, COMÉDIE.",1675,Comédie,moeurs françaises,Cinq actes,vers,1671-1680,2000-2250,
CORNEILLET_FESTINPIERRE_1677,"CORNEILLE, Thomas","LE FESTIN DE PIERRE, COMÉDIE",1677,Comédie,moeurs espagnoles,Cinq actes,vers,1671-1680,1750-2000,
CORNEILLET_CIRCE_1677,"CORNEILLE, Thomas","CIRCÉ, TRAGÉDIE",1677,Tragédie,mythe grec,"Cinq actes, un prologue",vers,1671-1680,2750-3000,http://gallica.bnf.fr/ark:/12148/bpt6k5510974w
CORNEILLET_COMTEDESSEX_1678,"CORNEILLE, Thomas","LE COMTE d'ESSEX, TRAGÉDIE",1678,Tragédie,histoire anglaise,Cinq actes,vers,1671-1680,1500-1750,http://gallica.bnf.fr/ark:/12148/bpt6k55424076
CORNEILLET_COMTESSEORGUEIL_1690,"CORNEILLE, Thomas","LA COMTESSE D'ORGUEIL, COMÉDIE",1690,Comédie,moeurs françaises,Cinq actes,vers,1651-1660,1750-2000,http://gallica.bnf.fr/ark:/12148/bpt6k131916k
CORNEILLET_MEDEE_1693,"CORNEILLE, Thomas","MÉDÉE, TRAGÉDIE EN MUSIQUE",1693,Opéra,mythe grec,Cinq actes,vers,1691-1700,1000-1250,http://gallica.bnf.fr/ark:/12148/bpt6k71764t
CORNEILLET_BRADAMANTE_1695,"CORNEILLE, Thomas","BRADAMANTE, TRAGÉDIE",1695,Tragédie,histoire française,Cinq actes,vers,1691-1700,1750-2000,
CORNEILLET_DOMBERTRANDECIGARRAL_1709,"CORNEILLE, Thomas","DON BERTRAN DE CIGARRAL, COMÉDIE",1709,Comédie,moeurs espagnoles,Cinq actes,vers,1651-1660,1750-2000,http://gallica.bnf.fr/ark:/12148/bpt6k55424076
CORNEILLET_BERENICE_1709,"CORNEILLE, Thomas","BÉRÉNICE, TRAGÉDIE.",1709,Tragédie,histoire grecque,Cinq actes,vers,1701-1710,2000-2250,
DURYER_ARGENISPOLIARQUE_1630,"DU RYER, Pierre","ARGENIS ET POLIARQUE ou THÉOCRINE, TRAGI-COMÉDIE",1630,Tragi-comédie,mythe grec,Cinq actes,vers,1621-1630,1750-2000,http://gallica.bnf.fr/ark:/12148/bpt6k111551b
DURYER_CLITOPHON_1632,"DU RYER, Pierre","CLITOPHON, TRAGI-COMÉDIE",1632,Tragi-comédie,mythe grec,Cinq actes,vers,1631-1640,1750-2000,http://gallica.bnf.fr/ark:/12148/btv1b9063652p
DURYER_LISANDRECALISTE_1632,"DU RYER, Pierre","LISANDRE et CALISTE, TRAGI-COMÉDIE",1632,Tragi-comédie,moeurs françaises,Cinq actes,vers,1631-1640,1750-2000,
DURYER_BERENICE_1635,"DU RYER, Pierre","BÉRÉNICE, TRAGI-COMÉDIE EN PROSE.",1635,Tragi-comédie,moeurs antiques,Cinq actes,prose,1631-1640,(mesure non pertinente),http://gallica.bnf.fr/ark:/12148/bpt6k58158364
DURYER_VENDANGESDESURESNES_1636,"DU RYER, Pierre","LES VENDANGES DE SURESNES, COMÉDIE",1636,Comédie,moeurs françaises,Cinq actes,vers,1631-1640,1750-2000,http://gallica.bnf.fr/ark:/12148/bpt6k715768
DURYER_ALCIMEDON_1636,"DU RYER, Pierre","ALCIMÉDON, TRAGI-COMÉDIE",1636,Tragi-comédie,mythe grec,Cinq actes,vers,1631-1640,1750-2000,http://gallica.bnf.fr/ark:/12148/bpt6k111550z
DURYER_CLEOMEDON_1636,"DU RYER, Pierre","CLÉOMÉDON, TRAGI-COMÉDIE.",1636,Tragi-comédie,Astrée,Cinq actes,vers,1631-1640,1750-2000,http://gallica.bnf.fr/ark:/12148/bpt6k57496902
DURYER_LUCRECE_1638,"DU RYER, Pierre",LUCRÈCE. TRAGÉDIE,1638,Tragédie,histoire romaine,Cinq actes,vers,1631-1640,1500-1750,http://gallica.bnf.fr/ark:/12148/bpt6k71839w
DURYER_CLARIGENE_1639,"DU RYER, Pierre","CLARIGÈNE, TRAGICOMÉDIE.",1639,Tragi-comédie,bible,Cinq actes,vers,1631-1640,1750-2000,http://gallica.bnf.fr/ark:/12148/bpt6k71577
DURYER_ALCIONEE_1640,"DU RYER, Pierre","ALCIONÉE ou LE COMBAT de L'HONNEUR et de L'AMOUR, TRAGÉDIE",1640,Tragédie,mythe grec,Cinq actes,vers,1631-1640,1500-1750,http://gallica.bnf.fr/ark:/12148/bpt6k71578z
DURYER_SAUL_1642,"DU RYER, Pierre","SAÜL, TRAGÉDIE.",1642,Tragédie,bible,Cinq actes,vers,1641-1650,1750-2000,http://gallica.bnf.fr/ark:/12148/bpt6k71195f
DURYER_ESTHER_1644,"DU RYER, Pierre","ESTHER, TRAGÉDIE.",1644,Tragédie,bible,Cinq actes,vers,1641-1650,1750-2000,http://gallica.bnf.fr/ark:/12148/bpt6k71601n
DURYER_SCEVOLE_1647,"DU RYER, Pierre","SCÉVOLE, TRAGÉDIE.",1647,Tragédie,histoire romaine,Cinq actes,vers,1641-1650,1500-1750,http://gallica.bnf.fr/ark:/12148/bpt6k71575x
DURYER_THEMISTOCLE_1648,"DU RYER, Pierre","THÉMISTOCLE, TRAGÉDIE.",1648,Tragédie,histoire grecque,Cinq actes,vers,1641-1650,2000-2250,http://gallica.bnf.fr/ark:/12148/bpt6k715768
DURYER_NITOCRIS_1650,"DU RYER, Pierre","NITOCRIS, REINE DE BABYLONE. TRAGI-COMÉDIE",1650,Tragi-comédie,histoire romaine,Cinq actes,vers,1641-1650,1750-2000,http://gallica.bnf.fr/ark:/12148/bpt6k83833h
DURYER_DYNAMIS_1653,"DU RYER, Pierre","DYNAMIS, REINE DE CARIE. TRAGI-COMÉDIE",1653,Tragi-comédie,moeurs françaises,Cinq actes,vers,1651-1660,1750-2000,http://gallica.bnf.fr/ark:/12148/bpt6k111551b
DURYER_ANAXANDRE_1655,"DU RYER, Pierre",ANAXANDRE. TRAGI-COMÉDIE.,1655,Tragi-comédie,mythe grec,Cinq actes,vers,1651-1660,1750-2000,http://gallica.bnf.fr/ark:/12148/bpt6k838325
LACALPRENEDE_MORTMITRHIDATE_1637,"LA CALPRENEDE, Gautier Costes de","LA MORT DE MITRIDATE, TRAGÉDIE",1637,Tragédie,histoire romaine,Cinq actes,vers,1631-1640,1500-1750,http://gallica.bnf.fr/ark:/12148/bpt6k72745s
LACALPRENEDE_BRADAMANTE_1637,"LA CALPRENEDE, Gautier Costes de","LA BRADAMANTE, TRAGI-COMÉDIE.",1637,Tragi-comédie,histoire médiévale,Cinq actes,vers,1631-1640,2000-2250,http://gallica.bnf.fr/ark:/12148/bpt6k72748t
LACALPRENEDE_CLARIONTE_1637,"LA CALPRENEDE, Gautier Costes de","LE CLARIONTE OU LE SACRIFICE SANGLANT, TRAGI-COMÉDIE. ",1637,Tragi-comédie,histoire médiévale,Cinq actes,vers,1631-1640,2000-2250,http://gallica.bnf.fr/ark:/12148/bpt6k71959s
LACALPRENEDE_JEANNE_1638,"LA CALPRENEDE, Gautier Costes de","JEANNE, REINE D'ANGLETERRE. TRAGÉDIE.",1638,Tragédie,histoire anglaise,Cinq actes,vers,1631-1640,2000-2250,http://gallica.bnf.fr/ark:/12148/bpt6k109771m
LACALPRENEDE_ENFANTSDHERODE_1639,"LA CALPRENEDE, Gautier Costes de","LA MORT DES ENFANTS D'HÉRODE OU SUITE DE MARIANE , TRAGÉDIE.",1639,Tragédie,histoire romaine,Cinq actes,vers,1631-1640,1500-1750,http://gallica.bnf.fr/ark:/12148/bpt6k716009
LACALPRENEDE_EDOUARD_1640,"LA CALPRENEDE, Gautier Costes de","ÉDOUARD, TRAGI-COMÉDIE.",1640,Tragi-comédie,histoire anglaise,Cinq actes,vers,1631-1640,1750-2000,http://gallica.bnf.fr/ark:/12148/bpt6k71598k
LACALPRENEDE_PHALANTE_1642,"LA CALPRENEDE, Gautier Costes de","PAHLANTE, TRAGÉDIE",1642,Tragédie,mythe grec,Cinq actes,vers,1641-1650,1500-1750,http://gallica.bnf.fr/ark:/12148/bpt6k1097720
LACALPRENEDE_HERMENEGILDE_1644,"LA CALPRENEDE, Gautier Costes de","HERMÉNÉGILDE, TRAGÉDIE.",1644,Tragédie,histoire chrétienne,Cinq actes,prose,1641-1650,(mesure non pertinente),
LACALPRENEDE_COMTEDESSEX_1654,"LA CALPRENEDE, Gautier Costes de","LE COMTE D'ESSEX, TRAGÉDIE.",1654,Tragédie,histoire anglaise,Cinq actes,vers,1631-1640,2000-2250,http://gallica.bnf.fr/ark:/12148/bpt6k72309t
MARESCHALA_GENEREUSEALLEMANDE_1630,"MARESCHAL, André","LA GÉNÉREUSE ALLEMANDE OU LE TRIOMPHE D'AMOUR, PROPHÉTIE.",1630,Tragi-comédie,histoire européenne,Cinq actes,vers,1621-1630,2000-2250,
MARESCHALA_GENEREUSEALLEMANDE2_1631,"MARESCHAL, André","LA GÉNÉREUSE ALLEMANDE OU LE TRIOMPHE D'AMOUR, PROPHÉTIE.",1631,Tragi-comédie,histoire européenne,Cinq actes,vers,1631-1640,2250-2500,http://gallica.bnf.fr/ark:/12148/bpt6k6363209x/f2
MARESCHALA_SOEURVALEUREUSE_1634,"MARESCHAL, André","LA SOEUR VALEUREUSE OU L'AVEUGLE AMANTE, TRAGICOMÉDIE.",1634,Tragi-comédie,moeurs orientales,Cinq actes,vers,1631-1640,2250-2500,http://gallica.bnf.fr/ark:/12148/bpt6k8405564
MARESCHALA_INCONSTANCEDHYLAS_1635,"MARESCHAL, André","L'INCONSTANCE D'HYLAS, TRAGI-COMÉDIE.",1635,Tragi-comédie,mythe grec,Cinq actes,vers,1621-1630,1750-2000,http://gallica.bnf.fr/ark:/12148/bpt6k739071
MARESCHALA_RAILLEUR_1638,"MARESCHAL, André","LE RAILLEUR, OU LA SATYRE DU TEMPS.",1638,Comédie,moeurs françaises,Cinq actes,vers,1631-1640,1500-1750,http://gallica.bnf.fr/ark:/12148/bpt6k6255892m
MARESCHALA_VERITABLECAPITAINEMATAMORE_1640,"MARESCHAL, André","LE VÉRITABLE CAPITAN MATAMORE OU LE FANFARON, COMÉDIE.",1640,Comédie,moeurs françaises,Cinq actes,vers,1641-1650,1500-1750,
MARESCHALA_COURBERGERE_1640,"MARESCHAL, André","LA COUR BERGÈRE, OU L'ARCADIE DE MESSIRE PHILIPPES SIDNEY. TRAGI-COMÉDIE",1640,Tragi-comédie,moeurs françaises,Cinq actes,vers,1631-1640,1500-1750,http://gallica.bnf.fr/ark:/12148/bpt6k703696
MARESCHALA_MAUZOLEE_1642,"MARESCHAL, André","LE MAUZOLÉE, TRAGICOMÉDIE.",1642,Tragi-comédie,moeurs orientales,Cinq actes,vers,1641-1650,1750-2000,http://gallica.bnf.fr/ark:/12148/bpt6k8415538
MARESCHALA_JUGEMENT_1645,"MARESCHAL, André","LE JUGEMENT ÉQUITABLE DE CHARLES LE HARDY DERNIER DUC DE BOURGOGNE, TRAGÉDIE.",1645,Tragédie,moeurs orientales,Cinq actes,vers,1641-1650,1500-1750,http://gallica.bnf.fr/ark:/12148/bpt6k715977
MARESCHALA_DICTATEURROMAIN_1646,"MARESCHAL, André","LE DICTATEUR ROMAIN, TRAGI-COMÉDIE.",1646,Tragi-comédie,histoire romaine,Cinq actes,vers,1641-1650,1500-1750,http://gallica.bnf.fr/ark:/12148/bpt6k71640
MOLIERE_JALOUSIEDUBARBOUILLE_1650,MOLIÈRE,"LA JALOUSIE DU BARBOUILLÉ, COMÉDIE",1650,Farce,moeurs françaises,Un acte,prose,1641-1650,(mesure non pertinente),
MOLIERE_SICILIEN_1655,MOLIÈRE,"LE SICILIEN OU L'AMOUR PEINTRE, COMÉDIE",1655,Comédie,moeurs françaises,Un acte,mixte,1661-1670,0-250,http://gallica.bnf.fr/ark:/12148/bpt6k5690145v
MOLIERE_DEPITAMOUREUX_1656,MOLIÈRE,LE DÉPIT AMOUREUX,1656,Comédie,moeurs françaises,Cinq actes,vers,1651-1660,1750-2000,
MOLIERE_PRECIEUSESRIDICULES_1660,MOLIÈRE,"LES PRÉCIEUSES RIDICULES, COMÉDIE",1660,Comédie,moeurs françaises,Un acte,prose,1651-1660,(mesure non pertinente),http://gallica.bnf.fr/ark:/12148/bpt6k70179z
MOLIERE_SGANARELLE_1660,MOLIÈRE,"SGANARELLE ou Le COCU IMAGINAIRE, COMÉDIE",1660,Comédie,moeurs françaises,Un acte,vers,1651-1660,500-750,
MOLIERE_ECOLEDESMARIS_1661,MOLIÈRE,"L'ÉCOLE DES MARIS, COMÉDIE",1661,Comédie,moeurs françaises,Trois actes,vers,1661-1670,1000-1250,http://gallica.bnf.fr/ark:/12148/btv1b86107875
MOLIERE_FACHEUX_1662,MOLIÈRE,"LES FÂCHEUX, COMÉDIE",1662,Comédie-ballet,moeurs françaises,"Trois actes, un prologue",vers,1661-1670,750-1000,http://gallica.bnf.fr/ark:/12148/btv1b86107890
MOLIERE_CRITIQUEECOLEDESFEMMES_1663,MOLIÈRE,"LA CRITIQUE DE L'ÉCOLE DES FEMMES, COMÉDIE.",1663,Comédie,moeurs françaises,Un acte,prose,1661-1670,(mesure non pertinente),http://gallica.bnf.fr/ark:/12148/btv1b8610786r
MOLIERE_ECOLEDESFEMMES_1663,MOLIÈRE,"L'ÉCOLE DES FEMMES, COMÉDIE.",1663,Comédie,moeurs françaises,Cinq actes,vers,1661-1670,1750-2000,http://gallica.bnf.fr/ark:/12148/btv1b8610785b
MOLIERE_ETOURDI_1663,MOLIÈRE,"L'ÉTOURDI ou LES CONTRE-TEMPS, COMÉDIE",1663,Comédie,moeurs françaises,Cinq actes,vers,1661-1670,2000-2250,http://gallica.bnf.fr/ark:/12148/btv1b8610788k
MOLIERE_PRINCESSEDELIDE_1664,MOLIÈRE,"LA PRINCESSE D'ÉLIDE, COMÉDIE GALANTE",1664,Comédie galante,moeurs françaises,Cinq actes,mixte,1661-1670,250-500,
MOLIERE_AMOURMEDECIN_1665,MOLIÈRE,"L'AMOUR MÉDECIN, COMÉDIE ",1665,Comédie,moeurs françaises,Trois actes,prose,1661-1670,(mesure non pertinente),
MOLIERE_FESTINDEPIERRE_1665,MOLIÈRE,"LE FESTIN DE PIERRE, COMÉDIE ",1665,Comédie,moeurs italiennes,Cinq actes,prose,1681-1690,(mesure non pertinente),
MOLIERE_MONSIEURPOURCEAUGNAC_1665,MOLIÈRE,"MONSIEUR DE POURCEAUGNAC, COMÉDIE-BALLET.",1665,Comédie-ballet,moeurs françaises,Cinq actes,mixte,1661-1670,0-250,http://gallica.bnf.fr/ark:/12148/btv1b8610798z
MOLIERE_PSYCHE_1666,MOLIÈRE,"PSYCHÉ, TRAGI-COMÉDIE",1666,Tragi-comédie,moeurs françaises,Cinq actes,vers,1661-1670,2000-2250,
MOLIERE_MISANTHROPE_1667,MOLIÈRE,"LE MISANTHROPE ou L'ATRABILAIRE AMOUREUX, COMÉDIE",1667,Comédie,moeurs françaises,Cinq actes,vers,1661-1670,1750-2000,http://gallica.bnf.fr/ark:/12148/btv1b8610797j
MOLIERE_MEDECINMALGRELUI_1668,MOLIÈRE,"LE MÉDECIN MALGRÉ LUI, COMÉDIE.",1668,Comédie,moeurs françaises,Un acte,prose,1651-1660,(mesure non pertinente),http://gallica.bnf.fr/ark:/12148/bpt6k5690145
MOLIERE_MARIAGEFORCE_1668,MOLIÈRE,"LE MARIAGE FORCÉ, COMÉDIE-BALLET.",1668,Comédie-ballet,moeurs françaises,Un acte,prose,1661-1670,(mesure non pertinente),http://gallica.bnf.fr/ark:/12148/btv1b8626162d
MOLIERE_AMPHITRYON_1668,MOLIÈRE,"AMPHITRYON, COMÉDIE",1668,Comédie,mythe grec,"Trois actes, un prologue",vers,1661-1670,1750-2000,
MOLIERE_AVARE_1669,MOLIÈRE,"L'AVARE, COMÉDIE",1669,Comédie,moeurs françaises,Cinq actes,prose,1661-1670,(mesure non pertinente),
MOLIERE_GEORGEDANDIN_1669,MOLIÈRE,"GEORGE DANDIN ou LE MARI CONFONDU, COMÉDIE ",1669,Comédie,moeurs françaises,Trois actes,prose,1661-1670,(mesure non pertinente),http://gallica.bnf.fr/ark:/12148/btv1b8610793w
MOLIERE_TARTUFFE_1669,MOLIÈRE,"LE TARTUFFE ou L'IMPOSTEUR, COMÉDIE",1669,Comédie,moeurs françaises,Cinq actes,vers,1661-1670,1750-2000,"http://gallica.bnf.fr/ark:/12148/btv1b8610800k
				"
MOLIERE_AMANTSMAGNIFIQUES_1670,MOLIÈRE,"LES AMANTS MAGNIFIQUES, COMÉDIE.",1670,Comédie,moeurs françaises,Cinq actes,mixte,1661-1670,250-500,http://gallica.bnf.fr/ark:/12148/bpt6k832702
MOLIERE_COMTESSEESCARBAGNAS_1671,MOLIÈRE,"LA COMTESSE D'ESCARBAGNAS, COMÉDIE",1671,Comédie,moeurs françaises,Un acte,prose,1671-1680,(mesure non pertinente),
MOLIERE_FOURBERIESDESCAPIN_1671,MOLIÈRE,"LES FOURBERIES DE SCAPIN, COMÉDIE",1671,Comédie,moeurs françaises,Trois actes,prose,1671-1680,(mesure non pertinente),http://gallica.bnf.fr/ark:/12148/btv1b8610792g
MOLIERE_BOURGEOISGENTILHOMME_1671,MOLIÈRE,"LE BOURGEOIS GENTILHOMME, COMÉDIE-BALLET",1671,Comédie-ballet,moeurs françaises,Cinq actes,mixte,1661-1670,250-500,http://gallica.bnf.fr/ark:/12148/bpt6k83269v
MOLIERE_FEMMESSAVANTES_1672,MOLIÈRE,"LES FEMMES SAVANTES, COMÉDIE",1672,Comédie,moeurs françaises,Cinq actes,vers,1671-1680,1750-2000,http://gallica.bnf.fr/ark:/12148/btv1b8610790n
MOLIERE_DOMJUAN_1682,MOLIÈRE,"DON JUAN ou LE FESTIN DE PIERRE, COMÉDIE ",1682,Comédie,moeurs italiennes,Cinq actes,prose,1661-1670,(mesure non pertinente),
MOLIERE_IMPROMPTUVERSAILLES_1682,MOLIÈRE,"L'IMPROMPTU DE VERSAILLES, COMÉDIE",1682,Comédie,histoire littéraire,Un acte,prose,1661-1670,(mesure non pertinente),
MOLIERE_MEDECINVOLANT_1682,MOLIÈRE,"LE MÉDECIN VOLANT, COMÉDIE",1682,Farce,moeurs françaises,Un acte,prose,1651-1660,(mesure non pertinente),
MOLIERE_DOMGARCIEDENAVARRE_1682,MOLIÈRE,"DON GARCIE DE NAVARRE, COMÉDIE",1682,Comédie,moeurs espagnoles,Cinq actes,vers,1661-1670,1750-2000,
MOLIERE_MALADEIMAGINAIRE_1682,MOLIÈRE,"LE MALADE IMAGINAIRE, COMÉDIE.",1682,Comédie,moeurs françaises,"Trois actes, un prologue",mixte,1671-1680,250-500,
MOLIERE_MELICERTE_1682,MOLIÈRE,"MÉLICERTE, COMÉDIE PASTORALE HÉROÏQUE",1682,Comédie héroïque,pastorale,Deux actes,vers,1661-1670,500-750,
MOLIERE_TARTUFFE64_2011,MOLIÈRE,"LE TARTUFFE ou L'HYPOCRITE, COMÉDIE",2011,Comédie,moeurs françaises,Trois actes,vers,1661-1670,1000-1250,
RACINE_THEBAIDE64_1664,"RACINE, Jean","LA THÉBAÏDE ou LES FRÈRES ENNEMIS, TRAGÉDIE.",1664,Tragédie,mythe grec,Cinq actes,vers,1661-1670,1500-1750,
RACINE_ALEXANDRE66_1666,"RACINE, Jean","ALEXANDRE LE GRAND, TRAGÉDIE.",1666,Tragédie,histoire grecque,Cinq actes,vers,1661-1670,1500-1750,http://gallica.bnf.fr/ark:/12148/bpt6k70166m
RACINE_ANDROMAQUE68_1668,"RACINE, Jean","ANDROMAQUE, TRAGÉDIE",1668,Tragédie,mythe grec,Cinq actes,vers,1661-1670,1500-1750,http://gallica.bnf.fr/ark:/12148/bpt6k70167z
RACINE_PLAIDEURS69_1669,"RACINE, Jean","LES PLAIDEURS, COMÉDIE.",1669,Comédie,moeurs françaises,Trois actes,vers,1661-1670,750-1000,http://gallica.bnf.fr/ark:/12148/bpt6k701689
RACINE_BRITANNICUS_1670,"RACINE, Jean","BRITANNICUS, TRAGÉDIE",1670,Tragédie,histoire romaine,Cinq actes,vers,1661-1670,1750-2000,http://gallica.bnf.fr/ark:/12148/bpt6k704115
RACINE_BERENICE_1671,"RACINE, Jean","BÉRÉNICE, TRAGÉDIE",1671,Tragédie,histoire romaine,Cinq actes,vers,1671-1680,1500-1750,http://gallica.bnf.fr/ark:/12148/bpt6k70159b
RACINE_BAJAZET_1672,"RACINE, Jean","BAJAZET, TRAGÉDIE",1672,Tragédie,histoire orientale,Cinq actes,vers,1671-1680,1750-2000,http://gallica.bnf.fr/ark:/12148/btv1b8610814m
RACINE_MITHRIDATE_1673,"RACINE, Jean","MITHRIDATE, TRAGÉDIE.",1673,Tragédie,histoire romaine,Cinq actes,vers,1671-1680,1500-1750,http://gallica.bnf.fr/ark:/12148/bpt6k70412h
RACINE_IPHIGENIE_1675,"RACINE, Jean","IPHIGÉNIE, TRAGÉDIE.",1675,Tragédie,mythe grec,Cinq actes,vers,1671-1680,1750-2000,http://gallica.bnf.fr/ark:/12148/bpt6k70413v
RACINE_PHEDRE77_1677,"RACINE, Jean","PHÈDRE, TRAGÉDIE",1677,Tragédie,mythe grec,Cinq actes,vers,1671-1680,1500-1750,http://gallica.bnf.fr/ark:/12148/btv1b8610817v
RACINE_ESTHER_1689,"RACINE, Jean","ESTHER, TRAGÉDIE tirée de l'écriture sainte.",1689,Tragédie,bible,"Trois actes, un prologue",vers,1681-1690,1250-1500,http://gallica.bnf.fr/ark:/12148/bpt6k704146
RACINE_ATHALIE_1691,"RACINE, Jean","ATHALIE, TRAGÉDIE tirée de l'écriture sainte.",1691,Tragédie,bible,Cinq actes,vers,1691-1700,1750-2000,http://gallica.bnf.fr/ark:/12148/bpt6k70415j
RACINE_ALEXANDRE_1697,"RACINE, Jean","ALEXANDRE LE GRAND, TRAGÉDIE.",1697,Tragédie,histoire grecque,Cinq actes,vers,1691-1700,1500-1750,
RACINE_ANDROMAQUE_1697,"RACINE, Jean","ANDROMAQUE, TRAGÉDIE",1697,Tragédie,mythe grec,Cinq actes,vers,1691-1700,1500-1750,
RACINE_PHEDRE_1697,"RACINE, Jean","PHÈDRE, TRAGÉDIE",1697,Tragédie,mythe grec,Cinq actes,vers,1691-1700,1500-1750,http://gallica.bnf.fr/ark:/12148/btv1b8610817v
RACINE_THEBAIDE_1697,"RACINE, Jean","LA THÉBAÏDE ou LES FRÈRES ENNEMIS, TRAGÉDIE.",1697,Tragédie,mythe grec,Cinq actes,vers,1691-1700,1500-1750,
RACINE_PLAIDEURS_1697,"RACINE, Jean","LES PLAIDEURS, COMÉDIE.",1697,Comédie,moeurs françaises,Trois actes,vers,1661-1670,750-1000,
ROTROU_BAGUEDELOUBLI_1635,"ROTROU, Jean","LA BAGUE DE L'OUBLI, COMÉDIE",1635,Comédie,pastorale,Cinq actes,vers,1631-1640,1750-2000,http://gallica.bnf.fr/ark:/12148/btv1b86221284
ROTROU_HERCULEMOURANT_1636,"ROTROU, Jean","HERCULE MOURANT, TRAGÉDIE",1636,Tragédie,mythe grec,Cinq actes,vers,1621-1630,1250-1500,http://gallica.bnf.fr/ark:/12148/bpt6k72394w
ROTROU_AGESILAN_1637,"ROTROU, Jean","AGESILAN de COLCHOS, TRAGI-COMÉDIE",1637,Tragi-comédie,histoire grecque,Cinq actes,vers,1631-1640,1750-2000,
ROTROU_AMELIE_1637,"ROTROU, Jean","AMÉLIE, TRAGI-COMÉDIE",1637,Tragi-comédie,histoire romaine,Cinq actes,vers,1631-1640,1750-2000,
ROTROU_CELIANE_1637,"ROTROU, Jean","LA CÉLIANE, TRAGI-COMÉDIE",1637,Tragi-comédie,pastorale,Cinq actes,vers,1631-1640,1750-2000,http://gallica.bnf.fr/ark:/12148/btv1b86221284
ROTROU_SOSIES_1638,"ROTROU, Jean","LES SOSIES, COMÉDIE",1638,Comédie,mythe grec,Cinq actes,vers,1631-1640,1750-2000,http://gallica.bnf.fr/ark:/12148/btv1b8626230s
ROTROU_ANTIGONE_1638,"ROTROU, Jean","ANTIGONE, TRAGÉDIE",1638,Tragédie,pastorale,Cinq actes,vers,1631-1640,1750-2000,http://gallica.bnf.fr/ark:/12148/bpt6k57544369
ROTROU_BELLEALPHREDE_1639,"ROTROU, Jean","LA BELLE ALPHRÈDE, COMÉDIE",1639,Comédie,moeurs arabes,Cinq actes,vers,1631-1640,1750-2000,http://gallica.bnf.fr/ark:/12148/btv1b86221232
ROTROU_DEUXPUCELLES_1639,"ROTROU, Jean","LES DEUX PUCELLES, TRAGI-COMÉDIE",1639,Tragi-comédie,histoire romaine,Cinq actes,vers,1631-1640,1750-2000,
ROTROU_CAPTIFS_1640,"ROTROU, Jean","LES CAPTIFS OU LES ESCLAVES, COMÉDIE",1640,Comédie,moeurs françaises,Cinq actes,vers,1631-1640,1750-2000,http://gallica.bnf.fr/ark:/12148/btv1b86221284
ROTROU_IPHIGENIE_1641,"ROTROU, Jean","IPHIGÉNIE, TRAGI-COMÉDIE",1641,Tragi-comédie,Mythe grec,Cinq actes,vers,1641-1650,1750-2000,http://gallica.bnf.fr/ark:/12148/bpt6k5789985w
ROTROU_BELISAIRE_1644,"ROTROU, Jean","LE BÉLISAIRE, TRAGÉDIE",1644,Tragédie,histoire romaine,Cinq actes,vers,1641-1650,1750-2000,
ROTROU_DOMBERNARDDECABRERE_1647,"ROTROU, Jean","DON BERNARD DE CABRERE, TRAGI-COMÉDIE",1647,Tragi-comédie,histoire espagnole,Cinq actes,vers,1641-1650,1750-2000,
ROTROU_SAINTGENEST_1648,"ROTROU, Jean","LE VÉRITABLE SAINT GENEST, TRAGÉDIE",1648,Tragédie,histoire romaine,Cinq actes,vers,1641-1650,1750-2000,
ROTROU_VENCESLAS_1648,"ROTROU, Jean",VENCESLAS,1648,Tragi-comédie,histoire polonaise,Cinq actes,vers,1641-1650,1750-2000,
ROTROU_COSROES_1649,"ROTROU, Jean","COSROËS, TRAGÉDIE.",1649,Tragédie,histoire orientale,Cinq actes,vers,1641-1650,1500-1750,http://gallica.bnf.fr/ark:/12148/cb3125874w
SCARRON_JODELETDUELISTE_1646,"SCARRON, Paul","LE JODELET DUELLISTE, COMÉDIE.",1646,Comédie,moeurs françaises,Cinq actes,vers,1641-1650,1750-2000,http://gallica.bnf.fr/ark:/12148/bpt6k73873j
SCARRON_BOUTADESMATAMORE_1647,"SCARRON, Paul",LES BOUTADES DU CAPITAN MATAMORE ET SES COMÉDIES.,1647,Comédie,moeurs françaises,Deux actes,vers,1641-1650,2000-2250,http://gallica.bnf.fr/ark:/12148/bpt6k70409m
SCARRON_JODELET_1648,"SCARRON, Paul","LE JODELET OU LE MAÎTRE VALET, COMÉDIE.",1648,Comédie,moeurs françaises,Cinq actes,vers,1641-1650,1750-2000,http://gallica.bnf.fr/ark:/12148/bpt6k10403202
SCARRON_HERITIERRIDICULE_1650,"SCARRON, Paul",L'HÉRITIER RIDICULE OU LA DAME INTÉRESSÉE..,1650,Comédie,moeurs espagnoles,Cinq actes,vers,1641-1650,1500-1750,http://gallica.bnf.fr/ark:/12148/bpt6k717535
SCARRON_PRINCECORSAIRE_1650,"SCARRON, Paul","LE PRINCE CORSAIRE, TRAGI-COMÉDIE.",1650,Comédie,moeurs chypriotes,Cinq actes,vers,1641-1650,1500-1750,http://gallica.bnf.fr/ark:/12148/bpt6k74957t
SCARRON_DOMJAPHETDARMENIE_1653,"SCARRON, Paul","DON JAPHET D'ARMÉNIE, COMÉDIE.",1653,Comédie,moeurs françaises,Cinq actes,vers,1651-1660,1500-1750,http://gallica.bnf.fr/ark:/12148/bpt6k70326x
SCARRON_GARDIENDESOIMEME_1654,"SCARRON, Paul",LE GARDIEN DE SOI-MÊME,1654,Comédie,moeurs italiennes,Cinq actes,vers,1651-1660,1750-2000,
SCARRON_ECOLIERDESALAMANQUE_1655,"SCARRON, Paul",L'ESCOLIER DE SALAMANQUE OU LES GÉNÉREUX ENNEMIS TRAGI-COMÉDIE.,1655,Tragi-comédie,moeurs espagnoles,Cinq actes,vers,1651-1660,1500-1750,http://gallica.bnf.fr/ark:/12148/bpt6k841852
SCARRON_MARQUISRIDICULE_1656,"SCARRON, Paul","LE MARQUIS RIDICULE, OU LA COMTESSE faite à la hâte. COMÉDIE.",1656,Comédie,moeurs espagnoles,Cinq actes,vers,1651-1660,1500-1750,http://gallica.bnf.fr/ark:/12148/bpt6k84186d
SCARRON_FAUSSEAPPARENCE_1663,"SCARRON, Paul",LA FAUSSE APPARENCE COMÉDIE.,1663,Tragi-comédie,moeurs espagnoles,Cinq actes,vers,1661-1670,1500-1750,http://gallica.bnf.fr/ark:/12148/bpt6k73882h
SCUDERY_LIGDAMONELIDIAS_1631,"SCUDERY, Georges de","LIGDAMON ET LIDIAS, TRAGI-COMÉDIE",1631,Tragi-comédie,histoire médiévale,Cinq actes,vers,1631-1640,2250-2500,http://gallica.bnf.fr/ark:/12148/bpt6k56261696
SCUDERY_COMEDIEDESCOMEDIENS_1635,"SCUDERY, Georges de","LA COMÉDIE DES COMÉDIENS, COMÉDIE",1635,Comédie,moeurs françaises,Trois actes,mixte,1631-1640,0-250,
SCUDERY_ORANTE_1636,"SCUDERY, Georges de","ORANTE, TRAGI-COMÉDIE",1636,Tragi-comédie,histoire médiévale,Cinq actes,vers,1631-1640,1250-1500,
SCUDERY_VASSALGENEREUX_1636,"SCUDERY, Georges de",LE VASSAL GÉNÉREUX - TRAGI-COMÉDIE,1636,Tragi-comédie,moeurs françaises,Cinq actes,vers,1631-1640,1250-1500,
SCUDERY_FILSSUPPOSE_1636,"SCUDERY, Georges de","LE FILS SUPPOSÉ, COMÉDIE.",1636,Comédie,moeurs françaises,Cinq actes,vers,1631-1640,1500-1750,http://gallica.bnf.fr/ark:/12148/bpt6k5620674c
SCUDERY_PRINCEDEGUISE_1636,"SCUDERY, Georges de","LE PRINCE DÉGUISÉ, TRAGI-COMÉDIE",1636,Tragi-comédie,histoire médiévale,Cinq actes,vers,1631-1640,1500-1750,http://gallica.bnf.fr/ark:/12148/bpt6k5620674c
SCUDERY_MORTDECESAR_1637,"SCUDERY, Georges de","LA MORT DE CÉSAR, TRAGÉDIE.",1637,Tragédie,histoire romaine,Cinq actes,vers,1631-1640,1250-1500,http://gallica.bnf.fr/ark:/12148/bpt6k71623z
SCUDERY_AMOURTYRAN_1640,"SCUDERY, Georges de","L'AMOUR TYRANNIQUE, TRAGI-COMÉDIE",1640,Tragi-comédie,mythe grec,Cinq actes,vers,1631-1640,1750-2000,http://gallica.bnf.fr/ark:/12148/bpt6k57770s
SCUDERY_EUDOXE_1641,"SCUDERY, Georges de",EUDOXE - TRAGI-COMÉDIE,1641,Tragi-comédie,histoire romaine,Cinq actes,vers,1641-1650,2000-2250,http://gallica.bnf.fr/ark:/12148/bpt6k716218
SCUDERY_ARMINIUS_1644,"SCUDERY, Georges de",ARMINIUS ou LES FRÈRES ENNEMIS.,1644,Tragédie,histoire romaine,Cinq actes,vers,1641-1650,1750-2000,
